testName,mbox
nameA,nameA@test.com
nameB,nameB@test.com
nameAB,nameA@test.com
nameA,nameA@test.com
nameB,nameB@test.com
nameAB,nameA@test.com
nameA,nameA@test.com
nameB,nameB@test.com
nameAB,nameA@test.com
nameA,nameA@test.com
nameB,nameB@test.com
nameAB,nameA@test.com
nameA,nameA@test.com
nameB,nameB@test.com
nameAB,nameA@test.com
nameA,nameA@test.com
nameB,nameB@test.com
nameAB,nameA@test.com
nameA,nameA@test.com
nameB,nameB@test.com
nameAB,nameA@test.com
nameA,nameA@test.com
nameB,nameB@test.com
nameAB,nameA@test.com
nameA,nameA@test.com
nameB,nameB@test.com
nameAB,nameA@test.com
nameA,nameA@test.com
nameB,nameB@test.com
nameAB,nameA@test.com
nameA,nameA@test.com
nameB,nameB@test.com
nameAB,nameA@test.com
nameA,nameA@test.com
nameB,nameB@test.com
nameAB,nameA@test.com
nameA,nameA@test.com
nameB,nameB@test.com
nameAB,nameA@test.com
nameA,nameA@test.com
nameB,nameB@test.com
nameAB,nameA@test.com
nameA,nameA@test.com
nameB,nameB@test.com
nameAB,nameA@test.com
nameA,nameA@test.com
nameB,nameB@test.com
nameAB,nameA@test.com
nameA,nameA@test.com
nameB,nameB@test.com
nameAB,nameA@test.com
nameA,nameA@test.com
nameB,nameB@test.com
nameAB,nameA@test.com
nameA,nameA@test.com
nameB,nameB@test.com
nameAB,nameA@test.com
nameA,nameA@test.com
nameB,nameB@test.com
nameAB,nameA@test.com
nameA,nameA@test.com
nameB,nameB@test.com
nameAB,nameA@test.com
nameA,nameA@test.com
nameB,nameB@test.com
nameAB,nameA@test.com
nameA,nameA@test.com
nameB,nameB@test.com
nameAB,nameA@test.com
nameA,nameA@test.com
nameB,nameB@test.com
nameAB,nameA@test.com
nameA,nameA@test.com
nameB,nameB@test.com
nameAB,nameA@test.com
nameA,nameA@test.com
nameB,nameB@test.com
nameAB,nameA@test.com
nameA,nameA@test.com
nameB,nameB@test.com
nameAB,nameA@test.com
nameA,nameA@test.com
nameB,nameB@test.com
nameAB,nameA@test.com
nameA,nameA@test.com
nameB,nameB@test.com
nameAB,nameA@test.com
nameA,nameA@test.com
nameB,nameB@test.com
nameAB,nameA@test.com
nameA,nameA@test.com
nameB,nameB@test.com
nameAB,nameA@test.com
nameA,nameA@test.com
nameB,nameB@test.com
nameAB,nameA@test.com
nameA,nameA@test.com
nameB,nameB@test.com
nameAB,nameA@test.com
